{"phenotype": "caffeine_consumption", "x_axis_range": [804164, 3035220653], "y_axis_range": [-1.9999969651507141, 11.767494897838054]}